{"stddevRadius": 0.9447032482504253, "meanRadius": 1.1283889782426069, "maxRadius": 9.643650760992955, "ZerocountRadius": 11866, "modeRadius": 1.0, "uniqueCountsRadius": 72, "medianRadius": 1.0, "varianceRadius": 0.8924642272549047, "minRadius": 0.0}+
{"mediansegmentCount": 1.0, "variancesegmentCount": 1783.9566947494127, "modesegmentCount": 1.0, "ZerocountsegmentCount": 0, "meansegmentCount": 14.843423799582464, "minsegmentCount": 1.0, "stddevsegmentCount": 42.23691152001307, "maxsegmentCount": 215.0, "uniqueCountssegmentCount": 177}
{"ZerocountsegmentLength": 1, "uniqueCountssegmentLength": 963, "mediansegmentLength": 7.388905057061258, "minsegmentLength": 0.0, "modesegmentLength": 3.414213562373095, "variancesegmentLength": 18252.840036921407, "maxsegmentLength": 3057.4068881984767, "meansegmentLength": 30.025964827528693, "stddevsegmentLength": 135.103071900388}
{"maxsegmentTortuosity": 2.404407395101004, "stddevsegmentTortuosity": 0.4476417426262101, "mediansegmentTortuosity": 1.0, "uniqueCountssegmentTortuosity": 649, "ZerocountsegmentTortuosity": 391, "variancesegmentTortuosity": 0.20038312974143013, "modesegmentTortuosity": 1.0, "meansegmentTortuosity": 0.875467098058404, "minsegmentTortuosity": 0.0}
{"orientationPhiMean": 89.99999999999997, "orientationPhiMax": 89.99999999999999, "orientationPhiVariance": 2.0194839173657902e-28, "orientationThetaMean": -68.4238051329973, "orientationPhiMin": 89.99999999999996, "orientationThetaMax": -56.309932474020215, "orientationThetaMedian": -68.4238051329973, "orientationThetaVariance": 146.7459107979126, "orientationPhiMedian": 89.99999999999997, "orientationThetaMin": -80.53767779197439}
{"orientationPhiMean": 89.99999999999997, "orientationPhiMax": 89.99999999999999, "orientationPhiVariance": 2.0194839173657902e-28, "orientationThetaMean": -68.4238051329973, "orientationPhiMin": 89.99999999999996, "orientationThetaMax": -56.309932474020215, "orientationThetaMedian": -68.4238051329973, "orientationThetaVariance": 146.7459107979126, "orientationPhiMedian": 89.99999999999997, "orientationThetaMin": -80.53767779197439}
{"varianceradiusDistOnBinary": 0.4767911955989308, "medianradiusDistOnBinary": 2.0, "minradiusDistOnBinary": 1.0, "uniqueCountsradiusDistOnBinary": 45, "stddevradiusDistOnBinary": 0.6905006847201028, "moderadiusDistOnBinary": 1.4142135623730951, "ZerocountradiusDistOnBinary": 0, "meanradiusDistOnBinary": 1.9524147351729282, "maxradiusDistOnBinary": 7.3484692283495345}
