{"orientationThetaVariance": 0.0, "orientationThetaMode": -135.0, "orientationPhiMean": 90.00000000000003, "orientationPhiMax": 90.00000000000003, "orientationThetaMean": -135.0, "orientationPhiVariance": 5.048709793414476e-29, "orientationPhiMedian": 90.00000000000003, "orientationPhiMin": 90.00000000000001, "orientationThetaMax": -135.0, "orientationThetaMin": -135.0, "orientationThetaMedian": -135.0}
{"orientationPhiMin": 89.99999999999996, "orientationThetaMean": 45.0, "orientationThetaMin": 45.0, "orientationPhiMax": 89.99999999999999, "orientationThetaVariance": 0.0, "orientationThetaMedian": 45.0, "orientationPhiMedian": 89.99999999999997, "orientationPhiVariance": 2.0194839173657902e-28, "orientationPhiMean": 89.99999999999997, "orientationThetaMode": 45.0, "orientationThetaMax": 45.0}
{"orientationPhiMax": 89.99999999999999, "orientationThetaMean": 45.0, "orientationThetaMode": 45.0, "orientationPhiMedian": 89.99999999999997, "orientationPhiMin": 89.99999999999996, "orientationPhiVariance": 2.0194839173657902e-28, "orientationPhiMean": 89.99999999999997, "orientationThetaVariance": 0.0, "orientationThetaMedian": 45.0, "orientationThetaMin": 45.0, "orientationThetaMax": 45.0}
{"orientationPhiMax": 89.99999999999999, "orientationThetaMean": 45.0, "orientationPhiMean": 89.99999999999997, "orientationThetaVariance": 0.0, "orientationPhiMedian": 89.99999999999997, "orientationThetaMedian": 45.0, "orientationPhiVariance": 2.0194839173657902e-28, "orientationThetaMax": 45.0, "orientationPhiMin": 89.99999999999996, "orientationThetaMode": 45.0, "orientationThetaMin": 45.0}
{"orientationThetaMean": 2.862499213317168e-14, "orientationThetaMin": 1.9083328088781113e-14, "orientationPhiMedian": 2.862499213317168e-14, "orientationPhiMax": 3.816665617756225e-14, "orientationPhiMean": 2.862499213317168e-14, "orientationPhiVariance": 9.104335273601579e-29, "orientationThetaVariance": 9.104335273601579e-29, "orientationThetaMax": 3.816665617756225e-14, "orientationPhiMin": 1.9083328088781113e-14, "orientationThetaMedian": 2.862499213317168e-14}
{"orientationThetaMax": 3.816665617756225e-14, "orientationPhiMin": 1.9083328088781113e-14, "orientationPhiVariance": 9.104335273601579e-29, "orientationPhiMax": 3.816665617756225e-14, "orientationPhiMedian": 2.862499213317168e-14, "orientationThetaVariance": 9.104335273601579e-29, "orientationThetaMin": 1.9083328088781113e-14, "orientationThetaMean": 2.862499213317168e-14, "orientationThetaMedian": 2.862499213317168e-14, "orientationPhiMean": 2.862499213317168e-14}
{"orientationThetaVariance": 0.0, "orientationPhiMin": 89.99999999999996, "orientationPhiMedian": 89.99999999999997, "orientationPhiMax": 89.99999999999999, "orientationPhiVariance": 2.0194839173657902e-28, "orientationPhiMean": 89.99999999999997, "orientationThetaMean": 45.0, "orientationThetaMedian": 45.0, "orientationThetaMin": 45.0, "orientationThetaMax": 45.0}
